Method,pdb,Fr1_H,CDR1_H,Fr2_H,CDR2_H,Fr3_H,CDR3_H,Fr4_H,pkd,antibody_seq_h,antibody_seq_l,antigen_seq,Heavy Change Info,Light Change Info,Heavy Change Num,Light Change Num,Frequency
IgGM,outputs/maturation/8hpu_M_N_A/H_99_2400.fasta,VQLVESGGGLVQPGGSLRLSCAAS,EITVSSNY,MNWVRQAPGKGLEWVSV,VYPGGST,FYTDSVKGRFTISRDNSKNTLYLQMNSLRAEDTAVYYC,ARESGVFPLAEGAFDI,WGQGTMVTVSS, ,VQLVESGGGLVQPGGSLRLSCAASEITVSSNYMNWVRQAPGKGLEWVSVVYPGGSTFYTDSVKGRFTISRDNSKNTLYLQMNSLRAEDTAVYYCARESGVFPLAEGAFDIWGQGTMVTVSS,DIQMTQSPSSLSASVGDRVSITCRASQSISTHLHWYQQKPGKAPKLLISAASTLQSGVPSRFSGSGSGTDFTLTITSLQPEDFATYYCQQSYSTPRGLSFGGGTKVEIK,NLCPFDEVFNATRFASVYAWNRKRISNCVADYSVLYNFAPFFAFKCYGVSPTKLNDLCFTNVYADSFVIRGNEVSQIAPGQTGNIADYNYKLPDDFTGCVIAWNSNKLDSKVGGNYNYRYRLFRKSNLKPFERDISTEIYQAGNKPCNGVAGVNCYFPLQSYGFRPTYGVGHQPYRVVVLSFELLHAPATVCGP,"Pos: 100, G -> V",,1.0,0.0,22
IgGM,outputs/maturation/8hpu_M_N_A/H_104_400.fasta,VQLVESGGGLVQPGGSLRLSCAAS,EITVSSNY,MNWVRQAPGKGLEWVSV,VYPGGST,FYTDSVKGRFTISRDNSKNTLYLQMNSLRAEDTAVYYC,ARESGGFPLATGAFDI,WGQGTMVTVSS, ,VQLVESGGGLVQPGGSLRLSCAASEITVSSNYMNWVRQAPGKGLEWVSVVYPGGSTFYTDSVKGRFTISRDNSKNTLYLQMNSLRAEDTAVYYCARESGGFPLATGAFDIWGQGTMVTVSS,DIQMTQSPSSLSASVGDRVSITCRASQSISTHLHWYQQKPGKAPKLLISAASTLQSGVPSRFSGSGSGTDFTLTITSLQPEDFATYYCQQSYSTPRGLSFGGGTKVEIK,NLCPFDEVFNATRFASVYAWNRKRISNCVADYSVLYNFAPFFAFKCYGVSPTKLNDLCFTNVYADSFVIRGNEVSQIAPGQTGNIADYNYKLPDDFTGCVIAWNSNKLDSKVGGNYNYRYRLFRKSNLKPFERDISTEIYQAGNKPCNGVAGVNCYFPLQSYGFRPTYGVGHQPYRVVVLSFELLHAPATVCGP,"Pos: 105, E -> T",,1.0,0.0,12
IgGM,outputs/maturation/8hpu_M_N_A/H_100_6600.fasta,VQLVESGGGLVQPGGSLRLSCAAS,EITVSSNY,MNWVRQAPGKGLEWVSV,VYPGGST,FYTDSVKGRFTISRDNSKNTLYLQMNSLRAEDTAVYYC,ARESGGRPLAEGAFDI,WGQGTMVTVSS, ,VQLVESGGGLVQPGGSLRLSCAASEITVSSNYMNWVRQAPGKGLEWVSVVYPGGSTFYTDSVKGRFTISRDNSKNTLYLQMNSLRAEDTAVYYCARESGGRPLAEGAFDIWGQGTMVTVSS,DIQMTQSPSSLSASVGDRVSITCRASQSISTHLHWYQQKPGKAPKLLISAASTLQSGVPSRFSGSGSGTDFTLTITSLQPEDFATYYCQQSYSTPRGLSFGGGTKVEIK,NLCPFDEVFNATRFASVYAWNRKRISNCVADYSVLYNFAPFFAFKCYGVSPTKLNDLCFTNVYADSFVIRGNEVSQIAPGQTGNIADYNYKLPDDFTGCVIAWNSNKLDSKVGGNYNYRYRLFRKSNLKPFERDISTEIYQAGNKPCNGVAGVNCYFPLQSYGFRPTYGVGHQPYRVVVLSFELLHAPATVCGP,"Pos: 101, F -> R",,1.0,0.0,12
IgGM,outputs/maturation/8hpu_M_N_A/H_103_4600.fasta,VQLVESGGGLVQPGGSLRLSCAAS,EITVSSNY,MNWVRQAPGKGLEWVSV,VYPGGST,FYTDSVKGRFTISRDNSKNTLYLQMNSLRAEDTAVYYC,ARESGGFPLVEGAFDI,WGQGTMVTVSS, ,VQLVESGGGLVQPGGSLRLSCAASEITVSSNYMNWVRQAPGKGLEWVSVVYPGGSTFYTDSVKGRFTISRDNSKNTLYLQMNSLRAEDTAVYYCARESGGFPLVEGAFDIWGQGTMVTVSS,DIQMTQSPSSLSASVGDRVSITCRASQSISTHLHWYQQKPGKAPKLLISAASTLQSGVPSRFSGSGSGTDFTLTITSLQPEDFATYYCQQSYSTPRGLSFGGGTKVEIK,NLCPFDEVFNATRFASVYAWNRKRISNCVADYSVLYNFAPFFAFKCYGVSPTKLNDLCFTNVYADSFVIRGNEVSQIAPGQTGNIADYNYKLPDDFTGCVIAWNSNKLDSKVGGNYNYRYRLFRKSNLKPFERDISTEIYQAGNKPCNGVAGVNCYFPLQSYGFRPTYGVGHQPYRVVVLSFELLHAPATVCGP,"Pos: 104, A -> V",,1.0,0.0,9
IgGM,outputs/maturation/8hpu_M_N_A/H_104_3400.fasta,VQLVESGGGLVQPGGSLRLSCAAS,EITVSSNY,MNWVRQAPGKGLEWVSV,VYPGGST,FYTDSVKGRFTISRDNSKNTLYLQMNSLRAEDTAVYYC,ARESGGFPLAGGAFDI,WGQGTMVTVSS, ,VQLVESGGGLVQPGGSLRLSCAASEITVSSNYMNWVRQAPGKGLEWVSVVYPGGSTFYTDSVKGRFTISRDNSKNTLYLQMNSLRAEDTAVYYCARESGGFPLAGGAFDIWGQGTMVTVSS,DIQMTQSPSSLSASVGDRVSITCRASQSISTHLHWYQQKPGKAPKLLISAASTLQSGVPSRFSGSGSGTDFTLTITSLQPEDFATYYCQQSYSTPRGLSFGGGTKVEIK,NLCPFDEVFNATRFASVYAWNRKRISNCVADYSVLYNFAPFFAFKCYGVSPTKLNDLCFTNVYADSFVIRGNEVSQIAPGQTGNIADYNYKLPDDFTGCVIAWNSNKLDSKVGGNYNYRYRLFRKSNLKPFERDISTEIYQAGNKPCNGVAGVNCYFPLQSYGFRPTYGVGHQPYRVVVLSFELLHAPATVCGP,"Pos: 105, E -> G",,1.0,0.0,8
IgGM,outputs/maturation/8hpu_M_N_A/H_100_4100.fasta,VQLVESGGGLVQPGGSLRLSCAAS,EITVSSNY,MNWVRQAPGKGLEWVSV,VYPGGST,FYTDSVKGRFTISRDNSKNTLYLQMNSLRAEDTAVYYC,ARESGGTPLAEGAFDI,WGQGTMVTVSS, ,VQLVESGGGLVQPGGSLRLSCAASEITVSSNYMNWVRQAPGKGLEWVSVVYPGGSTFYTDSVKGRFTISRDNSKNTLYLQMNSLRAEDTAVYYCARESGGTPLAEGAFDIWGQGTMVTVSS,DIQMTQSPSSLSASVGDRVSITCRASQSISTHLHWYQQKPGKAPKLLISAASTLQSGVPSRFSGSGSGTDFTLTITSLQPEDFATYYCQQSYSTPRGLSFGGGTKVEIK,NLCPFDEVFNATRFASVYAWNRKRISNCVADYSVLYNFAPFFAFKCYGVSPTKLNDLCFTNVYADSFVIRGNEVSQIAPGQTGNIADYNYKLPDDFTGCVIAWNSNKLDSKVGGNYNYRYRLFRKSNLKPFERDISTEIYQAGNKPCNGVAGVNCYFPLQSYGFRPTYGVGHQPYRVVVLSFELLHAPATVCGP,"Pos: 101, F -> T",,1.0,0.0,3
IgGM,outputs/maturation/8hpu_M_N_A/H_97_2800.fasta,VQLVESGGGLVQPGGSLRLSCAAS,EITVSSNY,MNWVRQAPGKGLEWVSV,VYPGGST,FYTDSVKGRFTISRDNSKNTLYLQMNSLRAEDTAVYYC,AREGGGFPLAEGAFDI,WGQGTMVTVSS, ,VQLVESGGGLVQPGGSLRLSCAASEITVSSNYMNWVRQAPGKGLEWVSVVYPGGSTFYTDSVKGRFTISRDNSKNTLYLQMNSLRAEDTAVYYCAREGGGFPLAEGAFDIWGQGTMVTVSS,DIQMTQSPSSLSASVGDRVSITCRASQSISTHLHWYQQKPGKAPKLLISAASTLQSGVPSRFSGSGSGTDFTLTITSLQPEDFATYYCQQSYSTPRGLSFGGGTKVEIK,NLCPFDEVFNATRFASVYAWNRKRISNCVADYSVLYNFAPFFAFKCYGVSPTKLNDLCFTNVYADSFVIRGNEVSQIAPGQTGNIADYNYKLPDDFTGCVIAWNSNKLDSKVGGNYNYRYRLFRKSNLKPFERDISTEIYQAGNKPCNGVAGVNCYFPLQSYGFRPTYGVGHQPYRVVVLSFELLHAPATVCGP,"Pos: 98, S -> G",,1.0,0.0,3
IgGM,outputs/maturation/8hpu_M_N_A/H_100_100.fasta,VQLVESGGGLVQPGGSLRLSCAAS,EITVSSNY,MNWVRQAPGKGLEWVSV,VYPGGST,FYTDSVKGRFTISRDNSKNTLYLQMNSLRAEDTAVYYC,ARESGGIPLAEGAFDI,WGQGTMVTVSS, ,VQLVESGGGLVQPGGSLRLSCAASEITVSSNYMNWVRQAPGKGLEWVSVVYPGGSTFYTDSVKGRFTISRDNSKNTLYLQMNSLRAEDTAVYYCARESGGIPLAEGAFDIWGQGTMVTVSS,DIQMTQSPSSLSASVGDRVSITCRASQSISTHLHWYQQKPGKAPKLLISAASTLQSGVPSRFSGSGSGTDFTLTITSLQPEDFATYYCQQSYSTPRGLSFGGGTKVEIK,NLCPFDEVFNATRFASVYAWNRKRISNCVADYSVLYNFAPFFAFKCYGVSPTKLNDLCFTNVYADSFVIRGNEVSQIAPGQTGNIADYNYKLPDDFTGCVIAWNSNKLDSKVGGNYNYRYRLFRKSNLKPFERDISTEIYQAGNKPCNGVAGVNCYFPLQSYGFRPTYGVGHQPYRVVVLSFELLHAPATVCGP,"Pos: 101, F -> I",,1.0,0.0,2
IgGM,outputs/maturation/8hpu_M_N_A/H_103_2600.fasta,VQLVESGGGLVQPGGSLRLSCAAS,EITVSSNY,MNWVRQAPGKGLEWVSV,VYPGGST,FYTDSVKGRFTISRDNSKNTLYLQMNSLRAEDTAVYYC,ARESGGFPLTEGAFDI,WGQGTMVTVSS, ,VQLVESGGGLVQPGGSLRLSCAASEITVSSNYMNWVRQAPGKGLEWVSVVYPGGSTFYTDSVKGRFTISRDNSKNTLYLQMNSLRAEDTAVYYCARESGGFPLTEGAFDIWGQGTMVTVSS,DIQMTQSPSSLSASVGDRVSITCRASQSISTHLHWYQQKPGKAPKLLISAASTLQSGVPSRFSGSGSGTDFTLTITSLQPEDFATYYCQQSYSTPRGLSFGGGTKVEIK,NLCPFDEVFNATRFASVYAWNRKRISNCVADYSVLYNFAPFFAFKCYGVSPTKLNDLCFTNVYADSFVIRGNEVSQIAPGQTGNIADYNYKLPDDFTGCVIAWNSNKLDSKVGGNYNYRYRLFRKSNLKPFERDISTEIYQAGNKPCNGVAGVNCYFPLQSYGFRPTYGVGHQPYRVVVLSFELLHAPATVCGP,"Pos: 104, A -> T",,1.0,0.0,1
IgGM,outputs/maturation/8hpu_M_N_A/H_103_200.fasta,VQLVESGGGLVQPGGSLRLSCAAS,EITVSSNY,MNWVRQAPGKGLEWVSV,VYPGGST,FYTDSVKGRFTISRDNSKNTLYLQMNSLRAEDTAVYYC,ARESGGFPLLEGAFDI,WGQGTMVTVSS, ,VQLVESGGGLVQPGGSLRLSCAASEITVSSNYMNWVRQAPGKGLEWVSVVYPGGSTFYTDSVKGRFTISRDNSKNTLYLQMNSLRAEDTAVYYCARESGGFPLLEGAFDIWGQGTMVTVSS,DIQMTQSPSSLSASVGDRVSITCRASQSISTHLHWYQQKPGKAPKLLISAASTLQSGVPSRFSGSGSGTDFTLTITSLQPEDFATYYCQQSYSTPRGLSFGGGTKVEIK,NLCPFDEVFNATRFASVYAWNRKRISNCVADYSVLYNFAPFFAFKCYGVSPTKLNDLCFTNVYADSFVIRGNEVSQIAPGQTGNIADYNYKLPDDFTGCVIAWNSNKLDSKVGGNYNYRYRLFRKSNLKPFERDISTEIYQAGNKPCNGVAGVNCYFPLQSYGFRPTYGVGHQPYRVVVLSFELLHAPATVCGP,"Pos: 104, A -> L",,1.0,0.0,1
IgGM,outputs/maturation/8hpu_M_N_A/H_102_3300.fasta,VQLVESGGGLVQPGGSLRLSCAAS,EITVSSNY,MNWVRQAPGKGLEWVSV,VYPGGST,FYTDSVKGRFTISRDNSKNTLYLQMNSLRAEDTAVYYC,ARESGGFPAAEGAFDI,WGQGTMVTVSS, ,VQLVESGGGLVQPGGSLRLSCAASEITVSSNYMNWVRQAPGKGLEWVSVVYPGGSTFYTDSVKGRFTISRDNSKNTLYLQMNSLRAEDTAVYYCARESGGFPAAEGAFDIWGQGTMVTVSS,DIQMTQSPSSLSASVGDRVSITCRASQSISTHLHWYQQKPGKAPKLLISAASTLQSGVPSRFSGSGSGTDFTLTITSLQPEDFATYYCQQSYSTPRGLSFGGGTKVEIK,NLCPFDEVFNATRFASVYAWNRKRISNCVADYSVLYNFAPFFAFKCYGVSPTKLNDLCFTNVYADSFVIRGNEVSQIAPGQTGNIADYNYKLPDDFTGCVIAWNSNKLDSKVGGNYNYRYRLFRKSNLKPFERDISTEIYQAGNKPCNGVAGVNCYFPLQSYGFRPTYGVGHQPYRVVVLSFELLHAPATVCGP,"Pos: 103, L -> A",,1.0,0.0,1
IgGM,outputs/maturation/8hpu_M_N_A/H_100_8400.fasta,VQLVESGGGLVQPGGSLRLSCAAS,EITVSSNY,MNWVRQAPGKGLEWVSV,VYPGGST,FYTDSVKGRFTISRDNSKNTLYLQMNSLRAEDTAVYYC,ARESGGLPLAEGAFDI,WGQGTMVTVSS, ,VQLVESGGGLVQPGGSLRLSCAASEITVSSNYMNWVRQAPGKGLEWVSVVYPGGSTFYTDSVKGRFTISRDNSKNTLYLQMNSLRAEDTAVYYCARESGGLPLAEGAFDIWGQGTMVTVSS,DIQMTQSPSSLSASVGDRVSITCRASQSISTHLHWYQQKPGKAPKLLISAASTLQSGVPSRFSGSGSGTDFTLTITSLQPEDFATYYCQQSYSTPRGLSFGGGTKVEIK,NLCPFDEVFNATRFASVYAWNRKRISNCVADYSVLYNFAPFFAFKCYGVSPTKLNDLCFTNVYADSFVIRGNEVSQIAPGQTGNIADYNYKLPDDFTGCVIAWNSNKLDSKVGGNYNYRYRLFRKSNLKPFERDISTEIYQAGNKPCNGVAGVNCYFPLQSYGFRPTYGVGHQPYRVVVLSFELLHAPATVCGP,"Pos: 101, F -> L",,1.0,0.0,1
IgGM,outputs/maturation/8hpu_M_N_A/H_104_700.fasta,VQLVESGGGLVQPGGSLRLSCAAS,EITVSSNY,MNWVRQAPGKGLEWVSV,VYPGGST,FYTDSVKGRFTISRDNSKNTLYLQMNSLRAEDTAVYYC,ARESGGFPLARGAFDI,WGQGTMVTVSS, ,VQLVESGGGLVQPGGSLRLSCAASEITVSSNYMNWVRQAPGKGLEWVSVVYPGGSTFYTDSVKGRFTISRDNSKNTLYLQMNSLRAEDTAVYYCARESGGFPLARGAFDIWGQGTMVTVSS,DIQMTQSPSSLSASVGDRVSITCRASQSISTHLHWYQQKPGKAPKLLISAASTLQSGVPSRFSGSGSGTDFTLTITSLQPEDFATYYCQQSYSTPRGLSFGGGTKVEIK,NLCPFDEVFNATRFASVYAWNRKRISNCVADYSVLYNFAPFFAFKCYGVSPTKLNDLCFTNVYADSFVIRGNEVSQIAPGQTGNIADYNYKLPDDFTGCVIAWNSNKLDSKVGGNYNYRYRLFRKSNLKPFERDISTEIYQAGNKPCNGVAGVNCYFPLQSYGFRPTYGVGHQPYRVVVLSFELLHAPATVCGP,"Pos: 105, E -> R",,1.0,0.0,1
IgGM,outputs/maturation/8hpu_M_N_A/H_101_500.fasta,VQLVESGGGLVQPGGSLRLSCAAS,EITVSSNY,MNWVRQAPGKGLEWVSV,VYPGGST,FYTDSVKGRFTISRDNSKNTLYLQMNSLRAEDTAVYYC,ARESGGFSLAEGAFDI,WGQGTMVTVSS, ,VQLVESGGGLVQPGGSLRLSCAASEITVSSNYMNWVRQAPGKGLEWVSVVYPGGSTFYTDSVKGRFTISRDNSKNTLYLQMNSLRAEDTAVYYCARESGGFSLAEGAFDIWGQGTMVTVSS,DIQMTQSPSSLSASVGDRVSITCRASQSISTHLHWYQQKPGKAPKLLISAASTLQSGVPSRFSGSGSGTDFTLTITSLQPEDFATYYCQQSYSTPRGLSFGGGTKVEIK,NLCPFDEVFNATRFASVYAWNRKRISNCVADYSVLYNFAPFFAFKCYGVSPTKLNDLCFTNVYADSFVIRGNEVSQIAPGQTGNIADYNYKLPDDFTGCVIAWNSNKLDSKVGGNYNYRYRLFRKSNLKPFERDISTEIYQAGNKPCNGVAGVNCYFPLQSYGFRPTYGVGHQPYRVVVLSFELLHAPATVCGP,"Pos: 102, P -> S",,1.0,0.0,1
